Id,Name,Class,Health
1,The Invitation,Previa,27
2,Big Fan,Camry Hybrid,37
3,Let the Bullets Fly,Corvette,83
4,Facing the Giants,B-Series,6
5,Life Back Then (Antoki no inochi),240SX,90
6,Get Shorty,RAV4,4
7,"Woman Rebels, A (Portrait of a Rebel)",Hombre Space,38
8,Magic,S10,25
9,"Tuskegee Airmen, The",X5,61
10,Happy Tears,Flex,13
11,Battle of Britain,Corvette,75
12,"Abandoned, The",Tercel,29
13,Docking the Boat (Att angöra en brygga),Mazda3,6
14,Ms. 45 (a.k.a. Angel of Vengeance),Boxster,43
15,Death Wish 4: The Crackdown,Caprice,33
16,"Informant!, The",Grand Cherokee,100
17,Magnificent Obsession,Suburban 2500,86
18,Ed Wood,Mountaineer,39
19,Jimmy Carter Man from Plains,D350 Club,41
20,Guy,Z3,47
21,Pendulum,Leganza,55
22,Beware of Mr. Baker,Dynasty,36
23,Hairspray,Town & Country,66
24,Santa Claus: The Movie,Sportage,93
25,Wonderland,Rio,29
26,War of the Worlds,Yukon XL 1500,74
27,"Secret of My Succe$s, The (a.k.a. The Secret of My Success)",Vandura 3500,58
28,Terribly Happy (Frygtelig lykkelig),Expedition EL,54
29,Juvenile Court,Suburban 1500,24
30,Black Book (Zwartboek),Land Cruiser,23
31,Michael the Brave (Mihai Viteazul),Truck,84
32,Mystery Date,740,47
33,Hothead (Coup de tête),Jetta,39
34,Paranormal Activity,Cooper,6
35,Vexille (Bekushiru: 2077 Nihon sakoku),7 Series,54
36,Rage (Rabia),Boxster,65
37,Garage Olimpo,Rally Wagon 3500,22
38,Survive Style 5+,960,99
39,V,S4,16
40,Parasite,Envoy XL,92
41,Love and Honor,Grand Caravan,57
42,Who Can Kill a Child? (a.k.a. Island of the Damned) (¿Quién puede matar a un niño?),CTS,49
43,Crimi Clowns: De Movie,RL,12
44,North by Northwest,Mazda5,12
45,Vital,Dakota Club,72
46,Daddy Long Legs,Town & Country,2
47,Spice World,Trans Sport,92
48,Faat Kiné,Pathfinder,52
49,The Concert for Bangladesh,Ram Van 1500,54
50,Road to Rio,G-Series 2500,41
51,E=mc2,600,71
52,Northfork,Integra,65
53,Open Season,Eurovan,38
54,"Feuer, Eis & Dosenbier",Eos,37
55,Sorority Babes in the Slimeball Bowl-O-Rama,Navigator,50
56,Orgy of the Dead,TT,89
57,Amazon Women on the Moon,S4,3
58,Star Trek: First Contact,Civic,19
59,13 Going on 30,430,60
60,"Quiet American, The",Rabbit,92
61,"Happiest Days of Your Life, The",Tredia,50
62,The Man in the Orange Jacket,Dakota,49
63,3 Ninjas Knuckle Up,Outback,40
64,Star Trek: The Motion Picture,Outlook,58
65,Pekka ja Pätkä neekereinä,F-Series,85
66,Shark Attack,Xterra,83
67,"Good Lawyer's Wife, A (Baramnan gajok)",Spirit,46
68,Destroy All Monsters (Kaijû sôshingeki),Cayman,94
69,Diary of a Hitman,2500,80
70,"March of the Movies (Film Parade, The)",Alero,28
71,Face to Face (Faccia a faccia),Sportvan G20,31
72,Oceans (Océans),I,61
73,24 7: Twenty Four Seven,Murano,45
74,Courage Mountain,Swift,45
75,"They Shoot Horses, Don't They?",Crown Victoria,82
76,This Boy's Life,1500 Club Coupe,53
77,Sex Up Your Life!,Silverado 1500,34
78,Gentlemen,Suburban 2500,36
79,Kermit's Swamp Years,MPV,5
80,"Southerner, The",IS-F,19
81,Chronicle of an Escape (Crónica de una fuga),LS,11
82,"Pink Ribbons, Inc.",Quattro,90
83,Our Family Wedding,Avalanche,62
84,How I Live Now,E-Class,72
85,Pride,Cruze,49
86,"Minus Man, The",GTO,59
87,How to Be a Serial Killer,LR3,1
88,Asterix & Obelix: God Save Britannia (Astérix et Obélix: Au service de Sa Majesté),SC,46
89,Yumeji,Camry,39
90,"Baby, the Rain Must Fall",F150,50
91,Puncture,E-Class,89
92,Holidays by the Sea (Ni à vendre ni à louer),Integra,40
93,Charlie Chan at the Race Track,Monte Carlo,64
94,Jazz,Mighty Max,76
95,"Blood of the Beasts (Sang des bêtes, Le)",Mirage,24
96,"Duck, You Sucker (a.k.a. Fistful of Dynamite, A) (Giù la testa)",Quattro,79
97,"Generale Della Rovere, Il",Altima,84
98,The Big One: The Great Los Angeles Earthquake,Sierra,5
99,Valmont,Discovery,10
100,"Son of the Sheik, The",Safari,89
101,Julia and Julia (Giulia e Giulia),Quest,42
102,"Millionaire for Christy, A (Golden Goose) (No Room for the Groom)",Prizm,88
103,"Planes, Trains & Automobiles",Corvette,23
104,Zero Charisma,M5,64
105,Mother and Son (Mat i syn),3000GT,28
106,The Miracle of Our Lady of Fatima,Malibu,21
107,Wisconsin Death Trip,SL-Class,38
108,"Immortals, The",Sebring,34
109,Lost Angels,750,68
110,Flicker,Fit,34
111,Dead Weekend,Bronco,10
112,3096 Days,Corvette,4
113,Leonard Cohen: I'm Your Man,Legend,71
114,"Filth and the Fury, The",Clubman,25
115,All Superheros Must Die,Swift,42
116,Chronicle,FX,60
117,"World Apart, A",Maxima,70
118,Down and Derby,Accent,14
119,Speed Zone! (a.k.a. Cannonball Run III),Prius,87
120,"Place of One's Own, A",T100 Xtra,13
121,"Union, The",Durango,38
122,The Devil Thumbs a Ride,Grand Caravan,97
123,Youth of the Beast (Yaju no seishun),Sunfire,13
124,"Under the Same Moon (Misma luna, La)",GTI,33
125,Ulzana's Raid,Escort ZX2,12
126,Red Planet,Grand Caravan,27
127,I Wake Up Screaming,Expedition,87
128,"Greatest, The",Suburban 1500,4
129,"Adjustment Bureau, The",Frontier,57
130,Murder Ahoy,Altima,87
131,Drunken Tai Chi (Siu taai gik),Yaris,46
132,Cop Land,Caprice,61
133,On the Town,Voyager,68
134,"Honeymoon Killers, The",MKZ,34
135,"Sessions, The (Surrogate, The)",Thunderbird,39
136,"Life of Oharu, The (Saikaku ichidai onna)",Insight,69
137,The Death and Life of Bobby Z,PT Cruiser,18
138,"Last Temptation of Christ, The",MP4-12C,61
139,"Abominable Dr. Phibes, The",Miata MX-5,41
140,Point of No Return,F-Series,24
141,"Children of Heaven, The (Bacheha-Ye Aseman)",DeVille,67
142,Friday the 13th Part IV: The Final Chapter,Rendezvous,80
143,Hearty Paws,Accord,59
144,Intolerance: Love's Struggle Throughout the Ages,Thunderbird,50
145,Turn the River,Century,75
146,Zero Charisma,Pajero,38
147,"Farewell, My Queen (Les adieux à la reine)",Aero 8,18
148,"Little Mermaid, The",Caravan,20
149,"Lost, The",Ranger,98
150,Man Made Monster,G-Class,43
151,Grace Unplugged,300M,5
152,Big Pun: The Legacy,V70,23
153,I Met Him in Paris,1500,43
154,"40-Year-Old Virgin, The",CL-Class,56
155,22 Jump Street,Rabbit,39
156,"Assassination (Ansatsu) (Assassination, The) (Assassin, The)",A6,65
157,Ed Wood,Econoline E150,75
158,"Counterfeiters, The (Die Fälscher)",Spyder,2
159,Eden of the East the Movie II: Paradise Lost (Higashi no Eden Gekijôban II: Paradise Lost),ES,73
160,Bad Ronald,S6,59
161,Virunga,Firebird,67
162,Unknown,S-Class,31
163,Almost 18,Uplander,77
164,My Voyage to Italy (Il mio viaggio in Italia),Century,57
165,Down to Earth,9-4X,78
166,Mág,Volt,25
167,"End of the Line, The",ES,69
168,Faces of Death,TT,42
169,House of Sand and Fog,Trooper,82
170,Short Time,A6,85
171,Vatel,9-2X,63
172,Quackser Fortune Has a Cousin in the Bronx,911,48
173,Mine Games,Avalon,22
174,Jay-Z: Made in America,XJ Series,30
175,Mandabi (The Money Order),Chariot,48
176,"It's Me, It's Me (Ore Ore)",Prelude,37
177,Out of It (La carapate),Econoline E250,7
178,"Adventures of Food Boy, The (aka High School Superhero)",Cooper Countryman,45
179,Charlie Chan at the Olympics,Avalon,53
180,"Fighting Spirit, The",Pajero,97
181,Citizenfour,Avalanche 1500,26
182,"Fallen Idol, The",Transit Connect,81
183,Shock Waves,Altima,39
184,That's Life,Spectra,45
185,The Little Matchgirl,TrailBlazer,78
186,Ski Patrol,Thunderbird,20
187,Waiting Women (Kvinnors väntan),GT,39
188,Switching Goals,Regal,31
189,Trial and Error,RX-8,55
190,Hanna,Esprit,67
191,Ratatouille,62,29
192,Ice Age 2: The Meltdown,Murciélago,91
193,Blackrock,Lumina,59
194,Mister Lonely,Seville,39
195,Ernest Goes to Jail,6000,31
196,Premium Rush,B-Series Plus,62
197,Down Terrace,LS,6
198,Rumble in the Bronx (Hont faan kui),Celica,22
199,"Ewok Adventure, The (a.k.a. Caravan of Courage: An Ewok Adventure)",X6 M,71
200,Cluny Brown,Tribute,32
201,See How They Fall (Regarde les hommes tomber),Grand Prix,42
202,"Adventures of Sharkboy and Lavagirl 3-D, The",Z4 M,5
203,First Squad: The Moment of Truth,S-Class,40
204,"Company Men, The",V70,47
205,Silent Souls (Ovsyanki),Firebird,37
206,2:13,Leganza,93
207,Voyage to the Prehistoric Planet,B-Series Plus,58
208,"Pyramid, The",Optima,24
209,"Beast with Five Fingers, The",Tundra,98
210,Flakes,CL65 AMG,98
211,"Happy Poet, The",XLR,53
212,Rock School,Sephia,60
213,"Magic Voyage of Sindbad, The (Sadko)",Ram 3500,15
214,Joyride,Catera,93
215,How About You...,Camaro,51
216,"Secrets, The (Sodot, Ha-)",Thunderbird,8
217,Urban Legends: Bloody Mary,Skylark,95
218,Dead Heat on a Merry-Go-Round,LX,87
219,Bug,240,38
220,Sex Is Comedy,M5,42
221,Un Poliziotto Scomodo,Passat,16
222,"Shock to the System, A",Voyager,26
223,Beverly Hills Chihuahua,3500,19
224,Habit,LS,38
225,Catching Hell,Odyssey,30
226,Boiling Point,Probe,97
227,"Substitute, The",Edge,2
228,"Sleeping Beauty, The (La belle endormie)",SJ,57
229,Over the Edge,Familia,64
230,Rogue Trader,Volare,59
231,O'Horten,S4,94
232,"Time to Kill, A",Firefly,93
233,Blind Date,MKT,57
234,Dark Girls,Range Rover Sport,99
235,Catastroika,626,56
236,Shame,Taurus,87
237,Kummeli Stories,Sonata,78
238,Oscar and the Lady in Pink,SLK-Class,18
239,Snake Woman's Curse,Gemini,6
240,"Patsy, The",Mazda6,33
241,Repulsion,Estate,32
242,"Blue and the Gray, The",Focus,66
243,Human Planet,Grand Prix,76
244,Duplicate,Spyder,20
245,So Dear to My Heart,LaCrosse,97
246,National Gallery,Mazdaspeed 3,47
247,My Prairie Home,Escalade EXT,99
248,"Gold of Naples, The (L'oro di Napoli)",SLK-Class,77
249,The Iron Commissioner,Mini,48
250,Play Motel,Passport,44
251,Leaves from Satan's Book (Blade af Satans bog),1500 Club Coupe,32
252,News from Home,Altima,23
253,Rushmore,Grand Marquis,23
254,Jim Gaffigan: Mr. Universe,LeSabre,39
255,Don't Deliver Us from Evil (Mais ne nous délivrez pas du mal),Canyon,37
256,"Mummy Returns, The",Century,4
257,Underworld: Rise of the Lycans,Mustang,5
258,A Night at the Movies: The Suspenseful World of Thrillers,Rainier,31
259,Brothers at War,Thunderbird,68
260,"Trial of Billy Jack, The",F-Series,53
261,"Bat, The",XL-7,57
262,Day of Anger (I giorni dell'ira),FR-S,64
263,Dot the I,Grand Caravan,91
264,"Muppet Musicians of Bremen, The",MX-5,41
265,Love Is All You Need (Den skaldede frisør),Cordia,52
266,a/k/a Tommy Chong,Cayenne,62
267,If These Walls Could Talk,Chariot,94
268,The Boy Next Door,Fiesta,28
269,Papadopoulos & Sons,RS 6,59
270,Penelope,900,28
271,Vampire Effect (The Twins Effect) (Chin gei bin),Sundance,88
272,Barbie: A Perfect Christmas,62,24
273,Grandmother,Passat,86
274,"Lady Eve, The",SLK-Class,84
275,Corto Maltese: Under the Sign of Capricorn (Sous le signe du capricorne),GTI,33
276,Devil Doll,I,67
277,Child of God,Ram Van 1500,31
278,El Hada Buena - Una Fábula Peronista,Sienna,85
279,"Destinées, Les (Destinées sentimentales, Les)",LaCrosse,9
280,"Golden Christmas, A",E-Series,81
281,Zipper,E-Series,100
282,Exists,Sierra 3500,72
283,Lady of Burlesque,Metro,43
284,Le convoyeur,Outlander,27
285,High and Low (Tengoku to jigoku),Capri,63
286,Jesse Stone: Innocents Lost,LX,10
287,Counter Investigation (Contre-enquête),Avalon,14
288,Sons of the Desert,Venture,24
289,Paper Birds (Pájaros de papel),STS,22
290,Def-Con 4,Ram 3500,81
291,Matchstick Men,Ascender,78
292,"Magic Gloves, The (Los guantes mágicos)",Mustang,61
293,"Planes, Trains & Automobiles",GTO,85
294,Duel in the Sun,Sierra 1500,91
295,Dr. Jekyll and Mr. Hyde,Diamante,78
296,"Surgeon, The",Enclave,77
297,Lost Horizon,XLR,54
298,Michael Jackson's This Is It,330,5
299,Don't Drink the Water,Entourage,75
300,"Secret Agent, The",Park Avenue,78
301,"Picture of Dorian Gray, The",Terrain,1
302,D2: The Mighty Ducks,E150,22
303,All Through the Night,Civic,14
304,Hearts Divided,Mustang,56
305,The Police Serve the Citizens?,Sierra,16
306,Groove,Tacoma,3
307,Breaking and Entering,Paseo,19
308,Burning Palms,GTO,11
309,Barney's Great Adventure,XJ,22
310,Balkan Spy (Balkanski spijun),Rogue,3
311,Gen 13 (a.k.a. Gen13: The Animated Movie),Golf,48
312,Louis C.K.: Live at The Comedy Store,Grand Vitara,35
313,"Edge of Love, The",911,86
314,"Ten Commandments, The",Accent,97
315,"Run, Simon, Run",Pacifica,1
316,Lesbian Vampire Killers,911,35
317,Panic,Ridgeline,56
318,"Saimaa Gesture, The (Saimaa-ilmiö)",G-Class,63
319,"Emperor's New Groove, The",V8 Vantage,3
320,Greenberg,Wrangler,45
321,With Honors,Grand Prix,2
322,People on Sunday (Menschen am Sonntag),MPV,100
323,Angels Over Broadway,S40,34
324,"Shiver of the Vampires, The (Frisson des vampires, Le)",Classic,93
325,Lovely to Look At,Caravan,16
326,The Well,Leganza,64
327,"Bittersweet Life, A (Dalkomhan insaeng)",Safari,21
328,Son in Law,F430,63
329,Dr. Wai in the Scriptures with No Words (Mao xian wang),Yukon XL 2500,64
330,"Client List, The",Leone,26
331,Fallen Angel,Sonoma,69
332,Barfly,Safari,98
333,King's Faith,Topaz,22
334,Disco Godfather,G,81
335,Rigoletto,Corvette,77
336,"Happenstance (Battement d'ailes du papillon, Le)",GranTurismo,38
337,Hellbenders,Sequoia,96
338,"Son-Daughter, The",Grand Caravan,79
339,The Virginian,F-Series,57
340,Evil (Ondskan),Sonoma,61
341,Riding in Cars with Boys,Z4,40
342,"Treasure Hunter, The (Ci ling)",Silverado 3500,45
343,Derek,Forte,51
344,Nancy Drew: Detective,Sportage,46
345,Flow,Mirage,54
346,Bluebeard (Landru),Firebird,18
347,Robot Carnival (Roboto kânibauru),A6,66
348,Last Days Here,E-Class,42
349,French Fried Vacation (Les Bronzés),2500 Club Coupe,91
350,Seance (Kôrei),Taurus,2
351,Hello Again,Highlander,15
352,"Taming of the Shrew, The",Fiero,7
353,"Terminal Man, The",Cobalt,75
354,"Raven, The",RX,96
355,Road Hard,Bonneville,62
356,"Great Day in Harlem, A",Freestyle,79
357,Boomerang,Fit,52
358,Terri,X3,14
359,Mrs. Parkington,Xterra,31
360,Bridget Jones's Diary,Tacoma Xtra,50
361,"World According to Monsanto, The (monde selon Monsanto, Le)",GTI,30
362,Marley & Me,Sprinter 3500,97
363,"Miracle of Marcelino, The (Marcelino pan y vino)",Firebird,33
364,Smooth Talk,Continental,49
365,"Riddle of the Sands, The",Prizm,89
366,Club Fed,5000CS,44
367,Far From Home: The Adventures of Yellow Dog,A4,55
368,Foul Play,Mystique,93
369,"Shape of Things, The",Tacoma,97
370,Gladiator,Escalade EXT,75
371,Let's Not Get Angry (Ne nous fâchons pas),I,30
372,Sister (L'enfant d'en haut),C70,30
373,"Scapegoat, The",Mirage,77
374,Samaritan Zatoichi (Zatôichi kenka-daiko) (Zatôichi 19),S8,100
375,Seduced and Abandoned (Sedotta e abbandonata),Esprit,59
376,"Key, The",Santa Fe,15
377,Shadows of Liberty ,GTO,72
378,Ben-Hur: A Tale of the Christ,Ascender,28
379,"Good Mother, The",Elise,99
380,200 Motels,Thunderbird,43
381,Garlic Is As Good As Ten Mothers,228,9
382,Mrs. Doubtfire,T100,77
383,Scenes from the Class Struggle in Beverly Hills,Taurus,46
384,Appleseed (Appurushîdo),H1,6
385,JCVD,Pajero,97
386,Looking for Palladin,Classic,51
387,Girls! Girls! Girls!,Tercel,46
388,Our Modern Maidens,Alpina B7,97
389,"Cat in the Hat, The",SL-Class,81
390,"Blood, Sweat + Vinyl: DIY in the 21st Century",Accord,18
391,Illegal Tender,Econoline E150,50
392,Bogowie,Santa Fe,83
393,Vital,6000,49
394,Att stjäla en tjuv,3000GT,68
395,Flamingo Road,Cherokee,85
396,Kikujiro (Kikujirô no natsu),Impala,39
397,"Devil's Rejects, The",Gran Sport,7
398,Flower Drum Song,Ranger,18
399,"Devil's Rejects, The",Metro,68
400,Casper Meets Wendy,Mark VII,97
401,3some (Castillos de cartón),X5 M,40
402,Beautiful Thing,S2000,68
403,Won't Back Down,Fleetwood,17
404,Searching for Bobby Fischer,Econoline E150,34
405,"Great Texas Dynamite Chase, The",LS,71
406,Carnal Knowledge,Veyron,71
407,Sands of Iwo Jima,Firefly,19
408,Even the Rain (También la lluvia),Impreza,19
409,The DUFF,Tacoma Xtra,6
410,Thumbelina,88,75
411,Buffalo Girls,Bravada,1
412,"Lost World, The",Element,54
413,Scorpio,R32,73
414,Shall We Dance? (Shall We Dansu?),Spectra,77
415,"Passion of Darkly Noon, The",Galant,3
416,"Collector, The",Catera,59
417,Diary of a Cannibal,Town & Country,55
418,Brink of Life (Nära livet),C30,45
419,Outside Ozona,Econoline E350,46
420,Tillbaka till Bromma,Ram Wagon B250,5
421,Earth Girls Are Easy,CR-V,94
422,Planet of the Apes,LR2,25
423,Weekend at Bernie's,Econoline E150,25
424,Legends of Oz: Dorothy's Return,Baja,16
425,"OH in Ohio, The",Yukon XL 2500,32
426,I Know What You Did Last Summer,Trooper,85
427,Evita,Grand Prix,33
428,"Stand, The",Supra,92
429,She-Wolf of London,Legacy,77
430,Boys Life,B-Series,25
431,Siberia,740,15
432,Ironclads,Neon,49
433,Concrete Night (Betoniyö),Savana 1500,88
434,Event Horizon,3500,91
435,Friday the 13th Part V: A New Beginning,LFA,71
436,"Black Stallion, The",Avalanche,85
437,Siblings,Sonata,99
438,"Dead Next Door, The",Passat,68
439,Earth Girls Are Easy,Cougar,18
440,Fightville,Savana 3500,94
441,"Girls Can't Swim (Filles ne savent pas nager, Les)",Crown Victoria,63
442,Michael Jordan to the Max,LS,97
443,Hitting Home,Sunfire,81
444,"Killing of Sister George, The",Yaris,52
445,Print the Legend,XLR,8
446,Reversal of Fortune,Yukon XL 2500,31
447,"April Fools, The",CLK-Class,29
448,"Love, Money, Love",Regal,41
449,Hellbound?,X5,70
450,Stella Street,Swift,59
451,Sunshine on Leith ,Pathfinder,82
452,I Love Trouble,Cirrus,8
453,Summer of '62 (Cartouches gauloises),Precis,45
454,Taboo (Gohatto),Patriot,80
455,Beyond Bedlam,Ram 2500,13
456,Stand by Me Doraemon,XK,72
457,Wild Bill,Cutlass Supreme,82
458,"Way of the Gun, The",Sequoia,53
459,Because I Said So,Xterra,37
460,Dollman,S60,95
461,Around the World in 80 Days,Virage,50
462,"Lower Depths, The (Donzoko)",Optima,45
463,Beauty of the Day (Belle de jour),Fortwo,82
464,Essex Boys,Ram 2500,63
465,And Starring Pancho Villa as Himself,Passport,29
466,Horns,Montego,47
467,Rasputin,911,72
468,How to Train Your Dragon,G,60
469,Bloodfist,CL-Class,1
470,8 ½ Women (a.k.a. 8 1/2 Women) (a.k.a. Eight and a Half Women),GX,1
471,Purpose,Caprice,65
472,Creature from Black Lake ,Canyon,18
473,Double Jeopardy,Intrepid,100
474,"River Runs Through It, A",Galant,20
475,Lili's Apron,Mirage,82
476,Attack on Leningrad,Villager,84
477,Cry Freedom,GTI,16
478,"Banger Sisters, The",S10,37
479,Garden Party,M3,84
480,Stay Hungry,Suburban 2500,46
481,My Perestroika,Rally Wagon G2500,16
482,"Adventures of Pluto Nash, The",Suburban 2500,16
483,Choices,Century,48
484,"Haunted, The",Electra,12
485,Too Late the Hero,Avalon,94
486,Looking for Richard,XL-7,67
487,Don Quixote (Don Quijote de Orson Welles),Excel,54
488,Last Cowboy Standing (Skavabölen pojat),G,41
489,Stiff Upper Lips,Savana 2500,59
490,Sabotage,riolet,46
491,49 Up,Escort,49
492,Ween Live in Chicago,Corolla,4
493,Blind Husbands,240SX,92
494,Class Reunion,J,83
495,Hori Smoku Sailor Jerry: The Life of Norman K. Collins ,Aerio,74
496,"Perfect Score, The",Tredia,56
497,Evelyn,Thunderbird,85
498,"Little Mermaid: Ariel's Beginning, The",GTO,2
499,Johnny Mnemonic,Journey,18
500,No Impact Man: The Documentary,944,48
501,Meeting Evil,XK Series,42
502,Manhattan,Ram 3500 Club,49
503,Margaret,2500,59
504,Dead Presidents,Century,19
505,Butterflies Have No Memories,3500 Club Coupe,50
506,"Return of the King, The",HHR,21
507,"Effect of Gamma Rays on Man-in-the-Moon Marigolds, The",Prizm,78
508,Defendor,Continental,54
509,Venus Beauty Institute (Vénus beauté),MINI,99
510,Behind the Burly Q: The Story of Burlesque in America,Quattroporte,35
511,New Fist of Fury (Xin jing wu men),Yukon XL 1500,15
512,Lisa Picard is Famous (a.k.a. Famous),Suburban 1500,84
513,Don't Bother to Knock,Cayman,81
514,"Ella Lola, a la Trilby",Tahoe,36
515,"Numbers Station, The",A4,48
516,Beautiful Losers,FJ Cruiser,8
517,"Ultramarines: A Warhammer 40,000 Movie",M-Class,31
518,Min and Bill,Ram Wagon B350,36
519,"Pirate Movie, The",Quattro,18
520,Bear with Me,Corvette,78
521,Metalhead (Málmhaus),Contour,58
522,"Brotherhood of Justice, The",Excursion,1
523,"Beast Within, The",riolet,68
524,Z,Firefly,95
525,Cutter's Way,del Sol,32
526,"Tale of Springtime, A (Conte de Printemps)",Colorado,50
527,Lost for Life,Rally Wagon 2500,25
528,"Heart of Me, The",Panamera,70
529,The Left Handed Gun,200SX,88
530,"Nude Bomb, The",Flex,58
531,Mildred Pierce,G5,98
532,Blood of the Vampire,Genesis Coupe,87
533,Cropsey,350Z Roadster,68
534,"Trap, The (Klopka)",Journey,23
535,"Powerpuff Girls, The",Fusion,9
536,"Duchess, The",Bonneville,12
537,Bachelor Night,900,99
538,"Missing Person, The",Pathfinder,88
539,Paradise Alley,Interceptor,80
540,This Is England,Lancer Evolution,25
541,Getting to Know You,LHS,45
542,Vertigo,Cobalt,81
543,Inside Deep Throat,XK Series,75
544,"Heart of Me, The",Ram Van 3500,32
545,Prisoners,A8,54
546,"Last Days of Pompeii, The",Camry,6
547,Tied,Grand Prix,71
548,Female Vampire (Les avaleuses) (Erotic Kill),XJ,21
549,"Strong Man, The",Firefly,94
550,Caligula,Solara,12
551,Disneyland Dream,xB,19
552,"Last Run, The",RS4,88
553,Armageddon 2012,IS-F,34
554,Blood and Sand (Sangre y Arena),Yukon XL 2500,26
555,The Italian Connection,F-Series Super Duty,57
556,Four Bags Full,Mazdaspeed 3,78
557,"Tetsuo, the Ironman (Tetsuo)",Malibu,35
558,Plankton,E350,22
559,"Chamber, The",A4,80
560,Big Bad Mama II,Cavalier,68
561,Machine Gun Preacher,Escalade EXT,61
562,Rugrats Go Wild!,Summit,51
563,"Girl Next Door, The",CX-9,78
564,Streets of Fire,L300,58
565,Madhouse,Ram Wagon B250,36
566,Picnic on the Grass (Le déjeuner sur l'herbe),LX,59
567,Once Upon a Time in China (Wong Fei Hung),Magnum,64
568,Wedding Belles,Pathfinder,9
569,Heartbeeps,Express,14
570,"Commitments, The",Montana,40
571,Almost an Angel,Enclave,5
572,Sex and Fury (Furyô anego den: Inoshika Ochô),Solara,69
573,Oscar and Lucinda (a.k.a. Oscar & Lucinda),Mustang,43
574,Boy,H1,26
575,"Moon Is Blue, The",Savana,90
576,Election Day,Legacy,38
577,Alabama Moon,Insight,69
578,Desert Winds,riolet,20
579,Working Girl,Zephyr,59
580,Gacy,MX-5,73
581,E.T. the Extra-Terrestrial,Bonneville,39
582,"Eyes of Tammy Faye, The",Summit,76
583,Mr. Magoo,Mighty Max,6
584,Book of Love,C70,89
585,"Flying Swords of Dragon Gate, The (Long men fei jia)",Corvette,67
586,Paul Blart: Mall Cop,Elantra,52
587,That Darn Cat!,Elantra,91
588,Love Object,Coupe,80
589,"Star Witness, The",Tiburon,27
590,Je préfère qu'on reste amis,Matrix,60
591,Tammy and the Bachelor,Quest,23
592,Demons (Dèmoni),Boxster,92
593,Good Luck Chuck,Allante,83
594,Stark Raving Mad,F-Series,25
595,"Mummy's Hand, The",RDX,54
596,Brother,370Z,81
597,Purely Belter,Range Rover,24
598,I Am Santa Claus,Dakota,81
599,The Affairs of Martha,Miata MX-5,21
600,Blind Spot: Hitler's Secretary (Im toten Winkel - Hitlers Sekretärin),Wrangler,53
601,Waiting Room (Bekleme odasi),Aspen,98
602,At Sea,SRX,83
603,"Oily Maniac, The (You gui zi)",Protege,81
604,"Hi-Lo Country, The",Expedition EL,4
605,How to Irritate People,Probe,8
606,"Cat in Paris, A (Une vie de chat)",Sierra 2500,77
607,Crockdale,Spectra,57
608,Blade II,Rio,84
609,"Home of Our Own, A",Dakota,80
610,Once Upon a Time (Der var engang),Bronco,75
611,"Man Who Would Be King, The",Yukon,14
612,Vivre sa vie: Film en douze tableaux (My Life to Live),Forester,79
613,Attraction,Suburban 2500,19
614,Libeled Lady,F350,10
615,Happily Ever After (Ils se marièrent et eurent beaucoup d'enfants),Yaris,19
616,Proxy,Jetta,46
617,Ruby Gentry,Grand Prix,69
618,The Divine Woman,rio,6
619,Girlhood,5 Series,36
620,"Carpetbaggers, The",Windstar,82
621,Othello,Neon,17
622,Farah Goes Bang,XG350,21
623,Magnificent Obsession,Express 2500,97
624,Stranger Than Paradise,Yukon XL 1500,66
625,Frankenstein and the Monster from Hell,Trooper,91
626,Fido,Ram Van 1500,59
627,"Strange Love of Martha Ivers, The",Sable,66
628,"Cherry Orchard, The (Sakura no sono)",Ram 2500,14
629,Invincible,9-7X,1
630,Artists and Models,Suburban 2500,36
631,Across the Sea of Time,Savana 2500,15
632,Jawbreaker,QX,89
633,Down From the Mountain,X3,38
634,"Lawless, The",Talon,63
635,"Memphis Belle: A Story of a Flying Fortress, The",9-3,24
636,Slumber Party '57,C-Class,1
637,"Diaries of Vaslav Nijinsky, The",Arnage,13
638,Dirty Rotten Scoundrels,Blazer,84
639,"Story of Mankind, The",Century,13
640,Sweet Smell of Success,Navigator L,56
641,Holly,Prowler,17
642,Beneath the Dark,C-Class,84
643,Blood Alley,Dakota,52
644,Deep in the Valley (American Hot Babes),Spyder,100
645,Cold Comes the Night,Cooper Clubman,94
646,"Prodigal Son, The (Bai ga jai)",Mazda2,68
647,Scooby-Doo! Camp Scare,Sequoia,86
648,Bey Yaar,350Z,21
649,Sahara,DTS,60
650,Tap,Avalanche,65
651,Homeboy,Grand Marquis,11
652,I Hate But Love (Nikui an-chikushô),C8 Laviolette,57
653,Sands of Iwo Jima,Taurus,81
654,"Caine Mutiny Court-Martial, The",Silverado 2500,20
655,Heima,M-Class,64
656,My Girl 2,Optima,27
657,Exorcismus,RX,25
658,Valkyrie,Fleetwood,4
659,Kundun,Continental Flying Spur,22
660,"Deaths of Ian Stone, The",del Sol,7
661,Heroes for Sale,SM,65
662,If....,Topaz,85
663,009 Re: Cyborg,Dakota Club,60
664,Macbeth in Manhattan,Miata MX-5,60
665,Widows' Peak,Monte Carlo,8
666,Slipstream,Yukon,31
667,Union Pacific,Grand Cherokee,82
668,"Last Exorcism Part II, The",Leaf,77
669,Project X,Caravan,23
670,Saints and Soldiers: Airborne Creed,Passat,62
671,Freaked,Regal,46
672,Convoy,Grand Cherokee,2
673,"Signal, The (Señal, La)",911,12
674,Drive Hard,Titan,22
675,Belle of the Nineties,Regal,10
676,Easy Living,Eclipse,11
677,Escape from Suburbia: Beyond the American Dream,Navigator,64
678,Mo' Better Blues,F150,92
679,Puncture,Econoline E250,19
680,Marius and Jeanette (Marius et Jeannette),riolet,24
681,Can-Can,Titan,29
682,"Buffalo Bill and the Indians, or Sitting Bull's History Lesson (a.k.a. Buffalo Bill and the Indians)",Express,25
683,The Pee-Wee Herman Show on Broadway,G35,82
684,Parker,Impala,78
685,"Sky's the Limit, The",SC,53
686,Another Happy Day,Galant,5
687,The Siege of Firebase Gloria,Jetta III,55
688,Mr. Thank You (Arigatô-san),C70,17
689,Deadbolt,Terraza,55
690,"Man with a Cloak, The",Colorado,51
691,Get Smart,TT,16
692,Basquiat,911,86
693,Ernest Scared Stupid,SC,11
694,My Life in Pink (Ma vie en rose),Reno,70
695,Direct Action,Trooper,21
696,Top Banana,Transit Connect,99
697,Cimarron,Transit Connect,68
698,Eddie Izzard: Dress to Kill,H2,58
699,Scott Walker: 30 Century Man,Rodeo,100
700,House of Flying Daggers (Shi mian mai fu),Grand Am,55
701,Dealer,XK Series,16
702,Double Take,S4,54
703,Django,Town Car,12
704,Berlin Calling,Ram Van 1500,45
705,"Adventurer, The",Silverado,90
706,Joan of Arc,Protege,81
707,Iron Sky,TL,5
708,Ultrasuede: In Search of Halston,Grand Prix,42
709,"Way I Spent the End of the World, The (Cum mi-am petrecut sfarsitul lumii)",Dynasty,56
710,Absolute Aggression,Sierra 3500,35
711,San Francisco,Sportage,53
712,Once a Thief (Zong heng si hai),G,86
713,Comandante,FX,81
714,"Tigger Movie, The",Avenger,28
715,Shogun's Ninja (Ninja bugeicho momochi sandayu),Sportvan G20,69
716,Enlightenment Guaranteed (Erleuchtung Garantiert),2500,60
717,"Pleasure of Being Robbed, The",Biturbo,42
718,Koi... Mil Gaya,Savana,57
719,Fear Strikes Out,Sienna,14
720,Romy and Michele: In the Beginning,Pathfinder,52
721,Rouge (Yin ji kau),Golf,20
722,Cinderella,F250,69
723,Out On A Limb,S4,16
724,Andrew Dice Clay: Indestructible,Cobalt,57
725,Pi,X5 M,42
726,Relax... It's Just Sex,SC,92
727,Murphy's War,Impreza,56
728,"League of Gentlemen, The",Marquis,45
729,Natural Born Killers,Navajo,75
730,"Capture of Bigfoot, The",S80,86
731,"Night Visitor, The",Lumina APV,95
732,Surviving Desire,XC60,16
733,"Fox and the Hound, The",Tempo,36
734,Colpo in canna,Town Car,71
735,Maniac,Allroad,19
736,Club Fed,Silverado 1500,69
737,Hysteria,Tredia,71
738,Lethal Weapon,Defender,90
739,Kitchen Party,Seville,86
740,Transsiberian,Solstice,39
741,"Trip to the Moon, A (Voyage dans la lune, Le)",RX,94
742,Ghost Rider,Mighty Max Macro,33
743,Revolutionary Girl Utena: Adolescence of Utena (a.k.a. Revolutionary Girl Utena the Movie) (Shoujo kakumei Utena: Adolescence mokushiroku),Pajero,13
744,Emmett's Mark,Premier,51
745,Zero Kelvin (Kjærlighetens kjøtere),Savana 1500,25
746,Better Living Through Chemistry,Leganza,50
747,Don't Drink the Water,E-Class,3
748,Subspecies IV: Bloodstorm,Firebird,29
749,Spy Game,Ram 2500,67
750,Welcome to Collinwood,Endeavor,34
751,She Hate Me,RX,41
752,"Story of Three Loves, The",Sunbird,1
753,Shadows (Cienie),Expedition,75
754,The Haunting of Helena,RAV4,11
755,Promised Land,Altima,41
756,Knight and Day,Legacy,68
757,Moving the Mountain,Tucson,84
758,Wind Across the Everglades,HHR,23
759,Echoes from the Dead (Skumtimmen),New Yorker,33
760,Bandaged,QX56,61
761,Ghosts of Cité Soleil,M,74
762,Captain Phillips,Stealth,22
763,"Artist, The (El Artista)",Aerostar,9
764,Turn of Faith,Avalon,23
765,Harvest,Elantra,2
766,"Jazz Singer, The",Alcyone SVX,2
767,Born to Be Bad,CTS,80
768,"Cosmonaut, The",Firebird,93
769,Waterloo Bridge,ES,63
770,Speedy,Econoline E250,30
771,Dreamchild,Galant,73
772,Taste of Cherry (Ta'm e guilass),Camaro,82
773,Benji the Hunted,GL-Class,40
774,Death Wish 3,Vantage,21
775,Waco: A New Revelation,CLS-Class,33
776,Valerie,929,66
777,In My Skin (Dans ma Peau),New Beetle,71
778,Go West,Voyager,85
779,Delusions of Grandeur (La folie des grandeurs),Neon,31
780,Extremely Loud and Incredibly Close,Aura,67
781,Unknown,Previa,85
782,"King Is Dead!, The",Regal,22
783,Cry Baby Lane,IS F,96
784,"Doom Generation, The",Civic Si,27
785,Winds of the Wasteland,DeVille,1
786,Butterfly on a Wheel (Shattered),Ciera,69
787,Craig Ferguson: A Wee Bit o' Revolution,500SL,48
788,"Big Kahuna, The",Q,50
789,"Left Hand of God, The",Reliant,48
790,Some Days Are Better Than Others,Esprit Turbo,2
791,Pipe Dream,Grand Prix,76
792,SOS - en segelsällskapsresa,Civic,38
793,"Slipping-Down Life, A",C-Class,26
794,Saturn 3,Mini Cooper,71
795,Green for Danger,xD,72
796,Mudhoney,Silverado,35
797,The Night That Panicked America,GS,19
798,Freedom,Safari,88
799,Beethoven's Treasure Tail,MX-6,69
800,xXx: State of the Union,MPV,41
801,Kiss Me Goodbye,VehiCROSS,28
802,"Driver, The",Topaz,9
803,"Long Ships, The",MR2,83
804,Citizenfour,Town Car,64
805,Exotica,Mustang,14
806,London,Civic,33
807,"Crimson Rivers 2: Angels of the Apocalypse (Rivières pourpres II - Les anges de l'apocalypse, Les)",Sonata,57
808,Leonard Part 6,3500 Club Coupe,66
809,Michael,4000s,61
810,Killing Me Softly,Topaz,7
811,"Bourne Legacy, The",928,85
812,Antique (Sayangkoldong yangkwajajeom aentikeu),Esprit,49
813,London - The Modern Babylon ,Ram Wagon B350,71
814,Blackrock,Sprinter 3500,61
815,I Am Divine,XF,95
816,Mother India,Pacifica,92
817,"Paper, The",W201,28
818,"Constant Gardener, The",Sequoia,89
819,Change of Address (Changement d'adresse),S4,23
820,Les Tuche,Z4,30
821,Madame Rosa (La vie devant soi),Explorer,83
822,"Young Lions, The",Fleetwood,49
823,"Thief Lord, The",Malibu,32
824,David and Lisa,3500,51
825,Heartbreak Ridge,D250,84
826,Your Highness,Passat,35
827,Love in the Time of Hysteria (Sólo con tu pareja),Tempo,65
828,"Crossing Guard, The",Soul,33
829,Phil Spector,Pathfinder,85
830,Wisconsin Death Trip,Bonneville,85
831,48 Shades,Laser,34
832,Wildcats,Viper,1
833,Card Subject To Change,MPV,92
834,State of Emergency,Ram 3500,84
835,Harry and Walter Go to New York,Esprit,4
836,"Burn, Witch, Burn (Night of the Eagle)",RSX,67
837,Snow Flower and the Secret Fan,Sable,58
838,Always,Metro,31
839,Romance,7 Series,82
840,Simon,S4,72
841,Twist,E-Series,97
842,"Charming Mass Suicide, A (Hurmaava joukkoitsemurha)",Yukon,50
843,The Photographer,E150,42
844,Hancock,Caliber,45
845,Condorman,Azure,100
846,6 Desires: DH Lawrence and Sardinia,57,54
847,Susannah of the Mounties,Venza,50
848,Distant Thunder,Rabbit,80
849,Rules of Engagement,Eldorado,100
850,Bay of Angels (La baie des anges),RL,19
851,Stranger than Fiction,Z4 M,67
852,"Singing Detective, The",Passport,52
853,Hell Night,2500,10
854,"Quatermass Xperiment, The",GS,79
855,The Expedition to the End of the World,Azera,81
856,"Bleeding, The",Grand Prix,15
857,Friendly Persuasion,Trans Sport,20
858,Backlight,Cavalier,68
859,Love and Honor,GT500,18
860,In the Name of the Law,Allroad,44
861,Underworld: Rise of the Lycans,Firebird,92
862,"Patriot, The",Probe,31
863,Valmont,Avalanche,65
864,Rock & Rule,Regal,32
865,Mockingbird Don't Sing,Escape,50
866,When Harry Met Sally...,MR2,2
867,"Deep, The (Djúpið)",Vitara,58
868,"Game, The",Savana 1500,78
869,"Wizard of Baghdad, The",Laser,1
870,"Snapper, The",CR-V,2
871,Dog Tags,Eurovan,14
872,"Ordeal, The (Calvaire)",Esteem,28
873,"Crow: Salvation, The",Storm,13
874,Breakfast at Tiffany's,Ram Van 2500,62
875,PCU,Tercel,85
876,"End of the Line, The",Savana 3500,83
877,Along Came Polly,S4,15
878,"Walk, Don't Run",Tiburon,9
879,Killers,Cavalier,4
880,"Evil Cult, The (Lord of the Wu Tang) (Yi tian tu long ji: Zhi mo jiao jiao zhu)",Monterey,53
881,Pleasure at Her Majesty's,9-5,37
882,Bosko's Parlor Pranks,Th!nk,36
883,Jim Jefferies: Fully Functional (EPIX),Jetta,95
884,Topaze,Explorer Sport Trac,76
885,We Were Here,944,75
886,"Forgiveness of Blood, The (Falja e gjakut)",Q7,22
887,Clay Pigeons,Express 3500,79
888,Poppy Shakespeare,S2000,69
889,Kit Kittredge: An American Girl,SJ,98
890,Crazy Thunder Road,Vitara,95
891,"Card Player, The (Il cartaio)",Compass,63
892,European Vacation (aka National Lampoon's European Vacation),MDX,40
893,30 Minutes or Less,SLR McLaren,64
894,Our Nixon,CTS-V,36
895,Who Is Killing the Great Chefs of Europe?,RVR,26
896,Castle Keep,Cooper,8
897,Ball of Fire,Sierra,27
898,Mercy Streets,W201,67
899,You Can Count on Me,J,98
900,"Club, The",Intrepid,65
901,FLCL,Altima,46
902,Who Is Harry Nilsson (And Why Is Everybody Talkin' About Him?),Tredia,17
903,Dad,S-Type,6
904,Grand Tour: Disaster in Time (Timescape),CLS-Class,62
905,One-Way Ticket to Mombasa (Menolippu Mombasaan),Outback Sport,32
906,Osaka Elegy (Naniwa erejî),RDX,29
907,"Room, The",Excel,70
908,Edie & Pen,Boxster,6
909,Paths of Glory,E-Series,3
910,Crystal Lake Memories: The Complete History of Friday the 13th,GTO,67
911,Chad Hanna,3500,62
912,"Beast Within, The",GX,51
913,The Love Letter,Viper,95
914,"That's Entertainment, Part II",SL-Class,54
915,Sebastian,7 Series,80
916,Messiah of Evil,Century,74
917,Garbo the Spy (Garbo: El espía),Intrigue,14
918,"Woman on the Beach, The",CLS-Class,73
919,Barefoot Gen (Hadashi no Gen),Park Avenue,40
920,Defense of the Realm,Interceptor,14
921,Blind Justice (Hævnens nat),Express 2500,21
922,5 Days of War,Aerostar,8
923,"Trio, The (Trio, Das)",Wrangler,82
924,The Grump,Gallardo,57
925,Bandidas,R-Class,76
926,"Velocity of Gary, The",Savana 1500,31
927,"Omen, The",DeVille,86
928,Bloodlust: Subspecies III,Sephia,79
929,Playing 'In the Company of Men' (En jouant 'Dans la compagnie des hommes'),Xterra,30
930,Eye of the Needle,CLS-Class,8
931,Thin Ice,Fusion,48
932,Medora,Arnage,51
933,Kick-Ass,Precis,100
934,Love Crime (Crime d'amour),S60,81
935,Speaking Parts,Golf,16
936,Evilenko,Corolla,57
937,Jill the Ripper (Jill Rips),NSX,31
938,Essex Boys,Starion,70
939,"Burning Hot Summer, A (Un été brûlant)",Golf,27
940,Against the Current,Highlander,58
941,Sophie Scholl: The Final Days (Sophie Scholl - Die letzten Tage),Touareg,87
942,Out Cold,JUKE,39
943,Howl's Moving Castle (Hauru no ugoku shiro),Flex,89
944,A Summer in St. Tropez,Horizon,58
945,"Princess and the Pirate, The",LX,52
946,Torn Curtain,H1,22
947,"Dancer, Texas Pop. 81",I,4
948,Mumford,Spectra,15
949,The Casino Murder Case,CX-7,74
950,Blue Ruin,Tucson,82
951,Captive Women (1000 Years from Now) (3000 A.D.),Seville,32
952,"Great K & A Train Robbery, The",Cougar,3
953,Quadrille,Elise,46
954,Slither,Ram Van 3500,32
955,Karlsson on the Roof,Excel,43
956,Steal This Film,Cherokee,96
957,"Hunchback of Notre Dame, The",Model S,67
958,I Think We're Alone Now,Ascender,1
959,"Expendables 2, The",4000CS Quattro,95
960,"Hen, his wife",3500 Club Coupe,31
961,"Deer Hunter, The",V40,62
962,"Way South, The (De weg naar het zuiden)",4Runner,67
963,Ed Hardy: Tattoo the World ,400SE,13
964,Dances with Wolves,Marquis,46
965,Funny About Love,Century,37
966,"Lord of the Rings, The",Miata MX-5,31
967,Liberal Arts,Routan,82
968,Charms for the Easy Life,Sebring,95
969,"Apple Dumpling Gang, The",Element,91
970,"Study in Choreography for Camera, A",Aerostar,65
971,They Drive by Night,TL,71
972,"Samaritan, The",Ridgeline,74
973,Xtro 3: Watch the Skies,Fox,87
974,Avenger ,Escape,29
975,"Organization, The",Silverado 2500,64
976,Here Comes Mr. Jordan,Silhouette,4
977,Partly Cloudy,Mazda6 5-Door,51
978,"Grandview, U.S.A.",3500,58
979,"Short Game, The",Eldorado,63
980,Edward Scissorhands,Xterra,35
981,"Deadly Mantis, The",Probe,41
982,"Kid, The",Grand Prix,66
983,"Yoo-Hoo, Mrs. Goldberg",Cavalier,65
984,Feds,Mazda5,76
985,"Lair of the White Worm, The",Navajo,100
986,"Glass-blower's Children, The (Glasblåsarns barn)",Legacy,56
987,"Big Combo, The",Aveo,76
988,Poolsite,Tucson,54
989,"Revisionaries, The",Escalade ESV,90
990,"Man Next Door, The (El hombre de al lado)",PT Cruiser,96
991,Aglaya,Caravan,100
992,"Black Pirate, The",Firebird,82
993,D-War (Dragon Wars),Skyhawk,66
994,Tortured,Corrado,22
995,"Golden Child, The",Titan,33
996,Fiend with the Electronic Brain (Blood of Ghastly Horror),LeSabre,72
997,City of Joy,Patriot,23
998,Zen,Galant,1
999,Crocodile Dundee in Los Angeles,E350,94
1000,Burden of Dreams,DeVille,9
